INSERT INTO questions (id_question, title, option_a, option_b, option_c, correct_option, points) VALUES
(1, 'Director of "Lost in Translation"?', 'Sofia Coppola', 'Quentin Tarantino', 'Christopher Nolan', 'Sofia Coppola', 10),
(2, '2014 Best Picture indie?', 'Moonlight', 'Boyhood', 'La La Land', 'Moonlight', 10),
(3, 'Greta Gerwig''s debut?', 'Lady Bird', 'Little Women', 'Frances Ha', 'Lady Bird', 10),
(4, 'Director of "The Hurt Locker"?', 'Kathryn Bigelow', 'Ava DuVernay', 'Patty Jenkins', 'Kathryn Bigelow', 10),
(5, 'Band behind "Vespertine"?', 'Björk', 'Radiohead', 'Arcade Fire', 'Björk', 10),
(6, 'Lorde''s real name?', 'Ella Marija Lani Yelich', 'Stefani Joanne Angelina', 'Robyn Rihanna Fenty', 'Ella Marija Lani Yelich', 10),
(7, 'The National''s lead vocalist?', 'Matt Berninger', 'Thom Yorke', 'Brandon Flowers', 'Matt Berninger', 10),
(8, 'Caroline Polachek most viral song?', 'Hurting My Feelings', 'Door', 'sunset', 'Hurting My Feelings', 10),
(9, '1988 Summer Olympics host?', 'South Korea', 'United States', 'Australia', 'South Korea', 10),
(10, '2006 FIFA World Cup winner?', 'Italy', 'Brazil', 'Germany', 'Italy', 10),
(11, 'Sport associated with "slam dunk"?', 'Basketball', 'Football', 'Tennis', 'Basketball', 10),
(12, '"The Greatest" in boxing?', 'Muhammad Ali', 'Mike Tyson', 'Floyd Mayweather Jr.', 'Muhammad Ali', 10),
(13, 'First female UK Prime Minister?', 'Margaret Thatcher', 'Theresa May', 'Angela Merkel', 'Margaret Thatcher', 10),
(14, 'Year of the Berlin Wall fall?', '1989', '1991', '1987', '1989', 10),
(15, 'Longest US president term?', 'Franklin D. Roosevelt', 'George Washington', 'Abraham Lincoln', 'Franklin D. Roosevelt', 10),
(16, 'USSR leader during Cuban Missile Crisis?', 'Nikita Khrushchev', 'Leonid Brezhnev', 'Joseph Stalin', 'Nikita Khrushchev', 10),
(17, 'Current German Chancellor?', 'Olaf Scholz', 'Angela Merkel', 'Emmanuel Macron', 'Olaf Scholz', 10),
(18, 'First female Brazilian President?', 'Dilma Rousseff', 'Cristina Fernandez de Kirchner', 'Michelle Bachelet', 'Dilma Rousseff', 10),
(19, '"Libertarianism" political ideology?', 'Ltd government intervention', 'Strong government control', 'Totalitarianism', 'Lmtd government intervention', 10),
(20, '44th US President?', 'Barack Obama', 'Donald Trump', 'George W. Bush', 'Barack Obama', 10),
(21, 'Actor: Tony Stark in MCU?', 'Robert Downey Jr.', 'Chris Hemsworth', 'Chris Evans', 'Robert Downey Jr.', 10),
(22, '"Queen of Pop"?', 'Madonna', 'Beyoncé', 'Rihanna', 'Madonna', 10),
(23, 'Oscar winner for "La La Land"?', 'Emma Stone', 'Natalie Portman', 'Jennifer Lawrence', 'Emma Stone', 10),
(24, 'Singer-songwriter of "25" (2015)?', 'Adele', 'Taylor Swift', 'Beyoncé', 'Adele', 10),
(25, 'Water chemical symbol?', 'H2O', 'CO2', 'NaCl', 'H2O', 10),
(26, '"Red Planet"?', 'Mars', 'Venus', 'Jupiter', 'Mars', 10),
(27, 'Australia capital city?', 'Canberra', 'Sydney', 'Melbourne', 'Canberra', 10),
(28, '"To Kill a Mockingbird" author?', 'Harper Lee', 'John Steinbeck', 'Ernest Hemingway', 'Harper Lee', 10);

-- more questions

# + questions
INSERT INTO questions (id_question, title, option_a, option_b, option_c, correct_option, points) VALUES
(86, 'Painter known for "The Two Fridas"', 'Georgia OKeeffe', 'Frida Kahlo', 'Tamara de Lempicka', 'Tamara de Lempicka', 10),
(87, 'Singer known for "Rehab"', 'Adele', 'Amy Winehouse', 'Taylor Swift', 'Amy Winehouse', 10),
(88, 'Director of "The Hurt Locker"', 'Kathryn Bigelow', 'Ava DuVernay', 'Patty Jenkins', 'Kathryn Bigelow', 10),
(89, 'Singer-songwriter known for "Jolene"', 'Dolly Parton', 'Carole King', 'Joan Baez', 'Dolly Parton', 10),
(90, 'Artist known for "The Dinner Party"', 'Louise Bourgeois', 'Yayoi Kusama', 'Judy Chicago', 'Yayoi Kusama', 10),
(91, 'Actress known for "Breakfast at Tiffanys"', 'Audrey Hepburn', 'Marilyn Monroe', 'Grace Kelly', 'Audrey Hepburn', 10),
(92, 'Painter known for "Ophelia"', 'Georgia OKeeffe', 'Frida Kahlo', 'John Singer Sargent', 'Frida Kahlo', 10),
(93, 'Singer known for "Rolling in the Deep"', 'Adele', 'Amy Winehouse', 'Taylor Swift', 'Adele', 10),
(94, 'Director of "Carol"', 'Todd Haynes', 'Woody Allen', 'Francis Ford Coppola', 'Todd Haynes', 10),
(95, 'Singer-songwriter known for "Wuthering Heights"', 'Bjork', 'Kate Bush', 'Sia', 'Kate Bush', 10),
(96, 'Artist known for "My Bed"', 'Yayoi Kusama', 'Tracey Emin', 'Banksy', 'Tracey Emin', 10),
(97, 'Actress known for "Monster"', 'Charlize Theron', 'Meryl Streep', 'Angelina Jolie', 'Charlize Theron', 10),
(98, 'Painter known for "The Persistence of Memory"', 'Georgia OKeeffe', 'Frida Kahlo', 'Salvador Dali', 'Salvador Dali', 10),
(99, 'Singer known for "Big Yellow Taxi"', 'Joni Mitchell', 'Carole King', 'Janis Joplin', 'Joni Mitchell', 10),
(100, 'Director of "American Psycho"', 'Kathryn Bigelow', 'Sofia Coppola', 'Mary Harron', 'Mary Harron', 10),
(101, 'Singer-songwriter known for "Pagan Poetry"', 'Bjork', 'Kate Bush', 'Sia', 'Bjork', 10),
(102, 'Artist known for "Love Is What You Want"', 'Yayoi Kusama', 'Tracey Emin', 'Agnes Martin', 'Tracey Emin', 10),
(103, 'Actress of "Mad Max: Fury Road"', 'Charlize Theron', 'Meryl Streep', 'Angelina Jolie', 'Charlize Theron', 10),
(104, 'Artist of Self Portrait with Thorn Necklace and Hummingbird', 'Georgia OKeeffe', 'Frida Kahlo', 'Tamara de Lempicka', 'Frida Kahlo', 10),
(105, 'Singer known for "River"', 'Joni Mitchell', 'Carole King', 'Janis Joplin', 'Joni Mitchell', 10),
(106, 'Novel known for "Strangers on a Train"', 'Rebecca', 'Psycho', 'Strangers on a Train', 'Strangers on a Train', 10),
(107, 'Singer-songwriter known for "Running Up That Hill"', 'Bjork', 'Kate Bush', 'Sia', 'Kate Bush', 10),
(108, 'Artist known for "Spiral Jetty"', 'Yayoi Kusama', 'Tracey Emin', 'Agnes Martin', 'Agnes Martin', 10),
(109, 'Actress known for "The Devil Wears Prada"', 'Anne Hathaway', 'Meryl Streep', 'Julia Roberts', 'Meryl Streep', 10),
(110, 'Beach house bloom album year"', '2012', '2008', '2019', '2012', 10),
(111, 'Singer known for "From the Choirgirl Hotel"', 'Tori Amos', 'PJ Harvey', 'Alanis Morissette', 'Tori Amos', 10),
(112, 'Director of "American Psycho"', 'Kathryn Bigelow', 'Sofia Coppola', 'Mary Harron', 'Mary Harron', 10),
(113, 'Singer-songwriter known for "Army of Me"', 'Bjork', 'Kate Bush', 'Sia', 'Bjork', 10),
(114, 'Artist known for "Infinity Mirror Room"', 'Yayoi Kusama', 'Tracey Emin', 'Agnes Martin', 'Yayoi Kusama', 10),
(115, 'Actress known for "Promising Young Woman"', 'Carey Mulligan', 'Meryl Streep', 'Natalie Portman', 'Carey Mulligan', 10),
(116, 'Painter known for "The Broken Column"', 'Georgia OKeeffe', 'Frida Kahlo', 'Tamara de Lempicka', 'Frida Kahlo', 10),
(117, 'Singer known for "Sweet Child o Mine"', 'Stevie Nicks', 'Janis Joplin', 'Axl Rose', 'Stevie Nicks', 10),
(118, 'Novel known for "The Talented Mr. Ripley"', 'The Catcher in the Rye', 'The Talented Mr. Ripley', 'The Great Gatsby', 'The Talented Mr. Ripley', 10),
(119, 'Singer-songwriter known for "Under the Milky Way"', 'Bjork', 'Kate Bush', 'Sia', 'Kate Bush', 10),
(120, 'Artist known for "The Dinner Party"', 'Georgia OKeeffe', 'Yayoi Kusama', 'Judy Chicago', 'Yayoi Kusama', 10),
(121, 'Actress known for "Lady Bird"', 'Saoirse Ronan', 'Emma Stone', 'Florence Pugh', 'Saoirse Ronan', 10),
(122, 'Painter known for "Self Portrait with Monkey"', 'Georgia OKeeffe', 'Frida Kahlo', 'Tamara de Lempicka', 'Frida Kahlo', 10),
(123, 'Singer known for "Rabbit Heart (Raise It Up)"', 'Florence Welch', 'Lana Del Rey', 'Halsey', 'Florence Welch', 10),
(124, 'Director of "Clueless"', 'Sofia Coppola', 'Amy Heckerling', 'Greta Gerwig', 'Amy Heckerling', 10),
(125, 'Singer-songwriter known for "Running Up That Hill"', 'Bjork', 'Kate Bush', 'Sia', 'Kate Bush', 10),
(126, 'Artist known for "No Woman No Cry"', 'Yayoi Kusama', 'Tracey Emin', 'Banksy', 'Tracey Emin', 10),
(127, 'Actress known for "Kill Bill"', 'Uma Thurman', 'Meryl Streep', 'Cate Blanchett', 'Uma Thurman', 10),
(128, 'Painter known for "The Love Embrace of the Universe"', 'Georgia OKeeffe', 'Frida Kahlo', 'Tamara de Lempicka', 'Frida Kahlo', 10),
(129, 'Singer known for "Big Yellow Taxi"', 'Joni Mitchell', 'Carole King', 'Janis Joplin', 'Joni Mitchell', 10),
(130, 'Author of Talent of Mr Ripley "', 'Patricia Highsmith', 'Susan Elderkin', 'Stanislaw Lew', 'Carol', 10);

-- the other tables

-- insert users
--INSERT INTO users (id_user, username, email, password, points, quizzes_resolved) VALUES
--(1,'pepepepe', 'pepe@gmail.com', 'pepepepe', 1568, 5),
--(2,'user2', 'user2@gmail.com', 'password2', 100, 5),
--(3, 'user3', 'user3@gmail.com', 'password3', 100, 5);

INSERT INTO users (id_user, username, email, password, points, quizzes_resolved) VALUES
(1, 'pepepepe', 'pepe@gmail.com', PASSWORD('pepepepe'), 1568, 3),
(2, 'user2', 'user2@gmail.com', PASSWORD('password2'), 110, 1),
(3, 'user3', 'user3@gmail.com', PASSWORD('password3'), 100, 20);

-- insert followrs
INSERT INTO followers (id_user_follow, id_user_followed)
VALUES
(1, 2),
(1, 3),
(2, 1),
(3, 1);

-- insert custom quizzes
INSERT INTO custom_quizzes (id_quiz, quiz_name, n_questions, clock, time, fk_id_user)
VALUES
(1,"great books",  10, true, 30, 1),
(2,"nobel prizes", 2, true, 22, 1),
(3,"animals", 3, 90, false, 0);


-- insert likes
INSERT INTO likes (fk_id_user, fk_id_quiz)
VALUES
    (1, 2),
    (1, 3),
    (2, 1),
    (3, 1);

-- insert custom questions of custom quizzes

INSERT INTO custom_questions (id_question, title, option_a, option_b, option_c, correct_option, points, fk_id_quiz) VALUES
(1,'Who wrote "To Kill a Mockingbird"?', 'Harper Lee', 'F. Scott Fitzgerald', 'John Steinbeck', 'Harper Lee', 10, 1),
(2,'In which book does the character Holden Caulfield appear?', '1984', 'The Catcher in the Rye', 'The Great Gatsby', 'The Catcher in the Rye', 10, 1),
(3,'Who wrote "Pride and Prejudice"?', 'Jane Austen', 'Charles Dickens', 'Emily Brontë', 'Jane Austen', 10, 1),
(4,'What is the setting of "Moby-Dick"?', 'London', 'Paris', 'The sea', 'The sea', 10, 1),
(5,'Who wrote "The Grapes of Wrath"?', 'Mark Twain', 'John Steinbeck', 'George Orwell', 'John Steinbeck', 10, 1),
(6,'Which novel is set during the Russian Revolution?', 'Animal Farm', 'War and Peace', 'Crime and Punishment', 'Animal Farm', 10, 1),
(7,'Who wrote "The Great Gatsby"?', 'F. Scott Fitzgerald', 'Ernest Hemingway', 'Mark Twain', 'F. Scott Fitzgerald', 10, 1),
(8,'Which novel features the character Jay Gatsby?', 'Moby-Dick', 'The Great Gatsby', 'Wuthering Heights', 'The Great Gatsby', 10, 1),
(9,'Who wrote "Wuthering Heights"?', 'Charlotte Brontë', 'Emily Brontë', 'Jane Austen', 'Emily Brontë', 10, 1),
(10,'In which book does the character Elizabeth Bennet appear?', 'Pride and Prejudice', 'Sense and Sensibility', 'Emma', 'Pride and Prejudice', 10, 1);

INSERT INTO custom_questions (id_question, title, option_a, option_b, option_c, correct_option, points, fk_id_quiz) VALUES
(11, 'TNT inventor?' 'nobel', 'einstein', 'colombo', 'nobel', 10, 2),
(12, 'TNT does?' 'kboom', 'pium', 'brumbrum', 'kboom', 10, 2);

INSERT INTO custom_questions (id_question, title, option_a, option_b, option_c, correct_option, points, fk_id_quiz) VALUES
(13,'What is the largest animal in the world?', 'Elephant', 'Blue whale', 'Gorilla', 'Blue whale', 10, 3),
(14,'Which of these animals is a marine mammal?', 'Shark', 'Octopus', 'Dolphin', 'Dolphin', 10, 3),
(15,'What is the fastest animal in the world?', 'Leopard', 'Cheetah', 'Eagle', 'Cheetah', 10, 3)  ;
